{"metadata":{"asset_id":"cd897b18-92d4-43a3-8625-116068c4d6ba","asset_attributes":["data_asset","location_definition"],"name":"fault_data.csv","asset_type":"data_asset","created_at":"2025-08-03T16:40:26Z","origin_country":"us","owner_id":"IBMid-6920010MLH","project_id":"319c7fbd-74f7-48c4-92b9-f988be93901e","size":48759,"usage":{"last_update_time":1754239500266,"last_updated_at":"2025-08-03T16:45:00Z"}},"entity":{"data_asset":{"dataset":false,"mime_type":"text/csv"},"location_definition":{"physical_location_code":"SYD","physical_location_code_assigned_by":"IBMid-6920010MLH","physical_location_code_rds_id":"c57cb90f-2126-3800-9c9f-9eab82021cdf","physical_location_code_rds_version":"00002025-0724-4093-8359-672568000000_1","physical_location_code_assignment_method":"INFERRED","physical_location_code_added_on":"1754239227944"}},"attachments":[{"id":"0077c1e1-5ad0-43fe-8fd4-ad8b024105d3","version":2,"asset_type":"data_asset","name":"fault_data.csv","mime":"text/csv","datasource_type":"193a97c1-4475-4a19-b90c-295c4fdc6517","object_key":"fault_data.csv","creator_id":"IBMid-6920010MLH","create_time":1754239227945,"size":48759,"is_remote":false,"is_managed":false,"is_referenced":true,"is_object_key_read_only":true,"is_user_provided_path_key":true,"transfer_complete":true,"is_partitioned":false,"complete_time_ticks":1754239227945,"user_data":{},"test_doc":0,"handle":{"bucket":"powersystemfaultdetectionandclass-donotdelete-pr-iwgnwfkixhxk5h","location":"au-syd","type":"bluemix_cos","key":"fault_data.csv","upload_id":"done","max_part_num":1},"usage":{"access_count":1,"last_accessor_id":"IBMid-6920010MLH","last_access_time":1754239500266,"last_updater_id":"IBMid-6920010MLH","last_update_time":1754239500266}}]}
